{"phi3:14b-medium-4k-instruct-q4_0": {"call": {"passed": 2, "failed": 0, "non_function_response": 0, "total_evaluations": 2, "incorrect_but_valid": 0, "latencies": [1162.0707511901855, 1406.463861465454], "min_latency": 1162.0707511901855, "max_latency": 1406.463861465454, "mean_latency": 1284.2673063278198, "median_latency": 1284.2673063278198, "pass_percentage": 100.0}, "fan_control": {"passed": 2, "failed": 0, "non_function_response": 0, "total_evaluations": 2, "incorrect_but_valid": 0, "latencies": [916.0299301147461, 1757.5502395629883], "min_latency": 916.0299301147461, "max_latency": 1757.5502395629883, "mean_latency": 1336.7900848388672, "median_latency": 1336.7900848388672, "pass_percentage": 100.0}, "get_car_temperature_setpoint": {"passed": 2, "failed": 0, "non_function_response": 0, "total_evaluations": 2, "incorrect_but_valid": 0, "latencies": [1618.8609600067139, 1747.1628189086914], "min_latency": 1618.8609600067139, "max_latency": 1747.1628189086914, "mean_latency": 1683.0118894577026, "median_latency": 1683.0118894577026, "pass_percentage": 100.0}, "lock_doors": {"passed": 2, "failed": 0, "non_function_response": 0, "total_evaluations": 2, "incorrect_but_valid": 0, "latencies": [1719.7680473327637, 1827.9340267181396], "min_latency": 1719.7680473327637, "max_latency": 1827.9340267181396, "mean_latency": 1773.8510370254517, "median_latency": 1773.8510370254517, "pass_percentage": 100.0}, "navigate": {"passed": 2, "failed": 0, "non_function_response": 0, "total_evaluations": 2, "incorrect_but_valid": 0, "latencies": [1973.153829574585, 1943.937063217163], "min_latency": 1943.937063217163, "max_latency": 1973.153829574585, "mean_latency": 1958.545446395874, "median_latency": 1958.545446395874, "pass_percentage": 100.0}, "set_car_temperature_setpoint": {"passed": 2, "failed": 0, "non_function_response": 0, "total_evaluations": 2, "incorrect_but_valid": 0, "latencies": [2205.2268981933594, 2163.839101791382], "min_latency": 2163.839101791382, "max_latency": 2205.2268981933594, "mean_latency": 2184.5329999923706, "median_latency": 2184.5329999923706, "pass_percentage": 100.0}, "text": {"passed": 2, "failed": 0, "non_function_response": 0, "total_evaluations": 2, "incorrect_but_valid": 0, "latencies": [2252.821922302246, 2326.5039920806885], "min_latency": 2252.821922302246, "max_latency": 2326.5039920806885, "mean_latency": 2289.6629571914673, "median_latency": 2289.6629571914673, "pass_percentage": 100.0}, "tune_radio": {"passed": 2, "failed": 0, "non_function_response": 0, "total_evaluations": 2, "incorrect_but_valid": 0, "latencies": [2083.137035369873, 2105.820894241333], "min_latency": 2083.137035369873, "max_latency": 2105.820894241333, "mean_latency": 2094.478964805603, "median_latency": 2094.478964805603, "pass_percentage": 100.0}, "volume_control": {"passed": 2, "failed": 0, "non_function_response": 0, "total_evaluations": 2, "incorrect_but_valid": 0, "latencies": [1579.935073852539, 1744.7328567504883], "min_latency": 1579.935073852539, "max_latency": 1744.7328567504883, "mean_latency": 1662.3339653015137, "median_latency": 1662.3339653015137, "pass_percentage": 100.0}, "pass_to_cloud": {"passed": 1, "failed": 1, "non_function_response": 0, "total_evaluations": 2, "incorrect_but_valid": 1, "latencies": [1686.1729621887207, 1524.165153503418], "min_latency": 1524.165153503418, "max_latency": 1686.1729621887207, "mean_latency": 1605.1690578460693, "median_latency": 1605.1690578460693, "pass_percentage": 50.0}}, "phi3:3.8b-mini-instruct-4k-q4_K_M": {"call": {"passed": 2, "failed": 0, "non_function_response": 0, "total_evaluations": 2, "incorrect_but_valid": 0, "latencies": [310.1308345794678, 956.0592174530029], "min_latency": 310.1308345794678, "max_latency": 956.0592174530029, "mean_latency": 633.0950260162354, "median_latency": 633.0950260162354, "pass_percentage": 100.0}, "fan_control": {"passed": 2, "failed": 0, "non_function_response": 0, "total_evaluations": 2, "incorrect_but_valid": 0, "latencies": [371.3510036468506, 1035.9020233154297], "min_latency": 371.3510036468506, "max_latency": 1035.9020233154297, "mean_latency": 703.6265134811401, "median_latency": 703.6265134811401, "pass_percentage": 100.0}, "get_car_temperature_setpoint": {"passed": 0, "failed": 0, "non_function_response": 2, "total_evaluations": 2, "incorrect_but_valid": 0, "latencies": [], "min_latency": "-", "max_latency": "-", "mean_latency": "-", "median_latency": "-", "pass_percentage": "-"}, "lock_doors": {"passed": 2, "failed": 0, "non_function_response": 0, "total_evaluations": 2, "incorrect_but_valid": 0, "latencies": [1044.0568923950195, 436.26976013183594], "min_latency": 436.26976013183594, "max_latency": 1044.0568923950195, "mean_latency": 740.1633262634277, "median_latency": 740.1633262634277, "pass_percentage": 100.0}, "navigate": {"passed": 2, "failed": 0, "non_function_response": 0, "total_evaluations": 2, "incorrect_but_valid": 0, "latencies": [1211.6339206695557, 1172.0709800720215], "min_latency": 1172.0709800720215, "max_latency": 1211.6339206695557, "mean_latency": 1191.8524503707886, "median_latency": 1191.8524503707886, "pass_percentage": 100.0}, "set_car_temperature_setpoint": {"passed": 2, "failed": 0, "non_function_response": 0, "total_evaluations": 2, "incorrect_but_valid": 0, "latencies": [605.9920787811279, 1288.6478900909424], "min_latency": 605.9920787811279, "max_latency": 1288.6478900909424, "mean_latency": 947.3199844360352, "median_latency": 947.3199844360352, "pass_percentage": 100.0}, "text": {"passed": 2, "failed": 0, "non_function_response": 0, "total_evaluations": 2, "incorrect_but_valid": 0, "latencies": [590.1038646697998, 1325.8979320526123], "min_latency": 590.1038646697998, "max_latency": 1325.8979320526123, "mean_latency": 958.000898361206, "median_latency": 958.000898361206, "pass_percentage": 100.0}, "tune_radio": {"passed": 2, "failed": 0, "non_function_response": 0, "total_evaluations": 2, "incorrect_but_valid": 0, "latencies": [631.2129497528076, 558.7868690490723], "min_latency": 558.7868690490723, "max_latency": 631.2129497528076, "mean_latency": 594.9999094009399, "median_latency": 594.9999094009399, "pass_percentage": 100.0}, "volume_control": {"passed": 2, "failed": 0, "non_function_response": 0, "total_evaluations": 2, "incorrect_but_valid": 0, "latencies": [1030.9770107269287, 480.38339614868164], "min_latency": 480.38339614868164, "max_latency": 1030.9770107269287, "mean_latency": 755.6802034378052, "median_latency": 755.6802034378052, "pass_percentage": 100.0}, "pass_to_cloud": {"passed": 1, "failed": 1, "non_function_response": 0, "total_evaluations": 2, "incorrect_but_valid": 1, "latencies": [1149.7890949249268, 1293.281078338623], "min_latency": 1149.7890949249268, "max_latency": 1293.281078338623, "mean_latency": 1221.535086631775, "median_latency": 1221.535086631775, "pass_percentage": 50.0}}, "wizardlm2:7b-q4_0": {"call": {"passed": 2, "failed": 0, "non_function_response": 0, "total_evaluations": 2, "incorrect_but_valid": 0, "latencies": [665.168046951294, 680.2780628204346], "min_latency": 665.168046951294, "max_latency": 680.2780628204346, "mean_latency": 672.7230548858643, "median_latency": 672.7230548858643, "pass_percentage": 100.0}, "fan_control": {"passed": 2, "failed": 0, "non_function_response": 0, "total_evaluations": 2, "incorrect_but_valid": 0, "latencies": [921.4251041412354, 1000.6661415100098], "min_latency": 921.4251041412354, "max_latency": 1000.6661415100098, "mean_latency": 961.0456228256226, "median_latency": 961.0456228256226, "pass_percentage": 100.0}, "get_car_temperature_setpoint": {"passed": 1, "failed": 0, "non_function_response": 1, "total_evaluations": 2, "incorrect_but_valid": 0, "latencies": [787.304162979126], "min_latency": 787.304162979126, "max_latency": 787.304162979126, "mean_latency": 787.304162979126, "median_latency": 787.304162979126, "pass_percentage": 50.0}, "lock_doors": {"passed": 2, "failed": 0, "non_function_response": 0, "total_evaluations": 2,