{"phi3:14b-medium-4k-instruct-q4_0": {"call": {"passed": 2, "total_evaluations": 2, "incorrect_but_valid": 0, "latencies": [1572.4451541900635, 1802.2148609161377], "min_latency": 1572.4451541900635, "max_latency": 1802.2148609161377, "mean_latency": 1687.3300075531006, "median_latency": 1687.3300075531006, "pass_percentage": 100.0}, "fan_control": {"passed": 1, "total_evaluations": 2, "incorrect_but_valid": 1, "latencies": [1776.986837387085, 1755.9449672698975], "min_latency": 1755.9449672698975, "max_latency": 1776.986837387085, "mean_latency": 1766.4659023284912, "median_latency": 1766.4659023284912, "pass_percentage": 50.0}, "get_car_temperature_setpoint": {"passed": 2, "total_evaluations": 2, "incorrect_but_valid": 0, "latencies": [1563.096046447754, 1611.6869449615479], "min_latency": 1563.096046447754, "max_latency": 1611.6869449615479, "mean_latency": 1587.3914957046509, "median_latency": 1587.3914957046509, "pass_percentage": 100.0}, "lock_doors": {"passed": 2, "total_evaluations": 2, "incorrect_but_valid": 0, "latencies": [1734.2791557312012, 1820.4011917114258], "min_latency": 1734.2791557312012, "max_latency": 1820.4011917114258, "mean_latency": 1777.3401737213135, "median_latency": 1777.3401737213135, "pass_percentage": 100.0}, "navigate": {"passed": 2, "total_evaluations": 2, "incorrect_but_valid": 0, "latencies": [1844.8050022125244, 1863.412857055664], "min_latency": 1844.8050022125244, "max_latency": 1863.412857055664, "mean_latency": 1854.1089296340942, "median_latency": 1854.1089296340942, "pass_percentage": 100.0}, "set_car_temperature_setpoint": {"passed": 2, "total_evaluations": 2, "incorrect_but_valid": 0, "latencies": [2216.1970138549805, 2314.2762184143066], "min_latency": 2216.1970138549805, "max_latency": 2314.2762184143066, "mean_latency": 2265.2366161346436, "median_latency": 2265.2366161346436, "pass_percentage": 100.0}, "text": {"passed": 2, "total_evaluations": 2, "incorrect_but_valid": 0, "latencies": [2379.485845565796, 2514.524221420288], "min_latency": 2379.485845565796, "max_latency": 2514.524221420288, "mean_latency": 2447.005033493042, "median_latency": 2447.005033493042, "pass_percentage": 100.0}, "tune_radio": {"passed": 2, "total_evaluations": 2, "incorrect_but_valid": 0, "latencies": [1702.7578353881836, 1499.8102188110352], "min_latency": 1499.8102188110352, "max_latency": 1702.7578353881836, "mean_latency": 1601.2840270996094, "median_latency": 1601.2840270996094, "pass_percentage": 100.0}, "volume_control": {"passed": 2, "total_evaluations": 2, "incorrect_but_valid": 0, "latencies": [1230.1790714263916, 1764.739990234375], "min_latency": 1230.1790714263916, "max_latency": 1764.739990234375, "mean_latency": 1497.4595308303833, "median_latency": 1497.4595308303833, "pass_percentage": 100.0}, "pass_to_cloud": {"passed": 0, "total_evaluations": 2, "incorrect_but_valid": 2, "latencies": [1767.883062362671, 1866.7421340942383], "min_latency": 1767.883062362671, "max_latency": 1866.7421340942383, "mean_latency": 1817.3125982284546, "median_latency": 1817.3125982284546, "pass_percentage": 0.0}}, "phi3:3.8b-mini-instruct-4k-q4_K_M": {"call": {"passed": 2, "total_evaluations": 2, "incorrect_but_valid": 0, "latencies": [411.4878177642822, 1089.4830226898193], "min_latency": 411.4878177642822, "max_latency": 1089.4830226898193, "mean_latency": 750.4854202270508, "median_latency": 750.4854202270508, "pass_percentage": 100.0}, "fan_control": {"passed": 2, "total_evaluations": 2, "incorrect_but_valid": 0, "latencies": [467.6082134246826, 1135.5431079864502], "min_latency": 467.6082134246826, "max_latency": 1135.5431079864502, "mean_latency": 801.5756607055664, "median_latency": 801.5756607055664, "pass_percentage": 100.0}, "get_car_temperature_setpoint": {"passed": 2, "total_evaluations": 2, "incorrect_but_valid": 0, "latencies": [465.8849239349365, 1145.4110145568848], "min_latency": 465.8849239349365, "max_latency": 1145.4110145568848, "mean_latency": 805.6479692459106, "median_latency": 805.6479692459106, "pass_percentage": 100.0}, "lock_doors": {"passed": 2, "total_evaluations": 2, "incorrect_but_valid": 0, "latencies": [420.1350212097168, 477.34975814819336], "min_latency": 420.1350212097168, "max_latency": 477.34975814819336, "mean_latency": 448.7423896789551, "median_latency": 448.7423896789551, "pass_percentage": 100.0}, "navigate": {"passed": 2, "total_evaluations": 2, "incorrect_but_valid": 0, "latencies": [1162.4410152435303, 532.0019721984863], "min_latency": 532.0019721984863, "max_latency": 1162.4410152435303, "mean_latency": 847.2214937210083, "median_latency": 847.2214937210083, "pass_percentage": 100.0}, "set_car_temperature_setpoint": {"passed": 2, "total_evaluations": 2, "incorrect_but_valid": 0, "latencies": [1188.187837600708, 1286.4949703216553], "min_latency": 1188.187837600708, "max_latency": 1286.4949703216553, "mean_latency": 1237.3414039611816, "median_latency": 1237.3414039611816, "pass_percentage": 100.0}, "text": {"passed": 2, "total_evaluations": 2, "incorrect_but_valid": 0, "latencies": [614.1750812530518, 666.269063949585], "min_latency": 614.1750812530518, "max_latency": 666.269063949585, "mean_latency": 640.2220726013184, "median_latency": 640.2220726013184, "pass_percentage": 100.0}, "tune_radio": {"passed": 2, "total_evaluations": 2, "incorrect_but_valid": 0, "latencies": [583.2996368408203, 592.5612449645996], "min_latency": 583.2996368408203, "max_latency": 592.5612449645996, "mean_latency": 587.93044090271, "median_latency": 587.93044090271, "pass_percentage": 100.0}, "volume_control": {"passed": 2, "total_evaluations": 2, "incorrect_but_valid": 0, "latencies": [371.6731071472168, 543.5740947723389], "min_latency": 371.6731071472168, "max_latency": 543.5740947723389, "mean_latency": 457.62360095977783, "median_latency": 457.62360095977783, "pass_percentage": 100.0}, "pass_to_cloud": {"passed": 0, "total_evaluations": 2, "incorrect_but_valid": 2, "latencies": [1244.1442012786865, 1088.1140232086182], "min_latency": 1088.1140232086182, "max_latency": 1244.1442012786865, "mean_latency": 1166.1291122436523, "median_latency": 1166.1291122436523, "pass_percentage": 0.0}}}