{"phi3:3.8b-mini-instruct-4k-q4_K_M": {"set_car_temperature_setpoint": {"passed": 100, "total_evaluations": 100, "latencies": [2295.97806930542, 2234.1818809509277, 2403.7861824035645, 2427.234888076782, 2120.692014694214, 2108.734130859375, 2124.5038509368896, 2012.087106704712, 2441.0853385925293, 2067.7740573883057, 2453.296184539795, 2156.9480895996094, 2406.522750854492, 2595.039129257202, 2085.8380794525146, 2474.7068881988525, 2215.703010559082, 2489.6388053894043, 2060.5649948120117, 2473.0710983276367, 1669.0380573272705, 2290.494918823242, 2218.7459468841553, 2645.972967147827, 2435.4071617126465, 2599.224090576172, 2450.5460262298584, 2286.6928577423096, 2063.3013248443604, 2056.3149452209473, 2507.2500705718994, 2520.1058387756348, 2527.5070667266846, 2548.393964767456, 2478.023052215576, 2172.1720695495605, 2463.306188583374, 2419.0962314605713, 1078.4320831298828, 2489.9446964263916, 2153.766870498657, 2529.4337272644043, 2485.9910011291504, 2488.584041595459, 1076.2131214141846, 2493.1178092956543, 2421.9610691070557, 2149.221897125244, 2195.88303565979, 1041.9812202453613, 2051.330089569092, 2533.11824798584, 2440.821886062622, 2459.0749740600586, 2367.8948879241943, 2257.4679851531982, 2037.2040271759033, 2415.0190353393555, 2286.8740558624268, 2431.0171604156494, 2267.23575592041, 1065.9050941467285, 2487.5519275665283, 2484.999895095825, 2429.492950439453, 2456.104040145874, 2178.6108016967773, 2215.847969055176, 2381.93678855896, 2649.43265914917, 2083.051919937134, 2499.492883682251, 2089.805841445923, 1075.5422115325928, 2434.448003768921, 2475.5098819732666, 1116.9872283935547, 2403.455972671509, 2100.2519130706787, 2488.614082336426, 2475.442886352539, 2483.7870597839355, 2268.2418823242188, 2478.5070419311523, 2527.5630950927734, 2096.910238265991, 2292.0820713043213, 2443.272829055786, 2487.623929977417, 2483.597993850708, 2069.7169303894043, 2418.0078506469727, 2433.0432415008545, 2046.8518733978271, 2437.9780292510986, 2112.881898880005, 2445.683002471924, 1060.6780052185059, 1401.9241333007812, 744.4961071014404], "min_latency": 744.4961071014404, "max_latency": 2649.43265914917, "mean_latency": 2224.7590017318726, "median_latency": 2405.1544666290283, "pass_percentage": 100.0}, "get_car_temperature_setpoint": {"passed": 92, "total_evaluations": 100, "latencies": [950.016975402832, 2097.63503074646, 1986.7198467254639, 2041.5780544281006, 1949.228048324585, 1948.4128952026367, 1998.2261657714844, 1939.2750263214111, 1996.1531162261963, 2090.912103652954, 903.4450054168701, 1968.1527614593506, 1996.701955795288, 1938.8420581817627, 1940.0067329406738, 1985.436201095581, 2643.0861949920654, 1988.0352020263672, 3181.506633758545, 2031.0120582580566, 2021.3539600372314, 2638.2298469543457, 2075.939178466797, 1898.0720043182373, 1986.732006072998, 1203.8710117340088, 2098.4067916870117, 2071.147918701172, 2019.3979740142822, 2015.2173042297363, 2080.5130004882812, 817.3999786376953, 2070.5931186676025, 2259.3138217926025, 2088.7398719787598, 2044.2731380462646, 2151.43084526062, 2082.3380947113037, 2127.7811527252197, 2188.155174255371, 2021.5365886688232, 2099.6878147125244, 1046.7629432678223, 2023.1478214263916, 2054.2349815368652, 2015.0153636932373, 1819.2620277404785, 805.7858943939209, 1983.1180572509766, 2032.2818756103516, 1684.2379570007324, 1998.4850883483887, 2050.3578186035156, 1041.0559177398682, 2022.5410461425781, 2009.7079277038574, 2026.8688201904297, 2033.444881439209, 2026.6308784484863, 2300.0898361206055, 1931.122064590454, 1999.2198944091797, 1267.8172588348389, 2354.778289794922, 2020.2209949493408, 1964.7002220153809, 2013.484001159668, 2104.0148735046387, 2348.785877227783, 2122.9612827301025, 1980.661153793335, 1933.1510066986084, 1784.970998764038, 2381.273031234741, 2067.9831504821777, 1314.7809505462646, 2015.9096717834473, 1164.5970344543457, 1947.5979804992676, 1197.6029872894287, 2099.1427898406982, 2132.16495513916, 1978.59525680542, 1963.8290405273438, 1272.341012954712, 2030.0981998443604, 2099.5872020721436, 2031.4140319824219, 1029.3219089508057, 2052.3579120635986, 1248.140811920166, 2007.34281539917, 1783.8881015777588, 2125.694990158081, 1996.9539642333984, 2000.6568431854248, 1922.9230880737305, 1318.725824356079, 1978.0631065368652, 1806.156873703003], "min_latency": 805.7858943939209, "max_latency": 3181.506633758545, "mean_latency": 1914.005732536316, "median_latency": 2011.5959644317627, "pass_percentage": 92.0}, "tune_radio": {"passed": 99, "total_evaluations": 100, "latencies": [2181.6959381103516, 2216.9432640075684, 2251.800060272217, 1919.739007949829, 2426.321029663086, 2038.2959842681885, 2237.578868865967, 1862.97607421875, 2167.48309135437, 2442.357063293457, 2178.8330078125, 2230.68904876709, 2232.46693611145, 2231.9719791412354, 2239.814043045044, 1904.1368961334229, 2368.1631088256836, 2392.307996749878, 2268.57328414917, 2269.7091102600098, 914.3149852752686, 1394.0649032592773, 2399.9061584472656, 2378.877878189087, 2371.5460300445557, 2333.277940750122, 2339.246988296509, 1967.97513961792, 2122.262716293335, 2331.2442302703857, 2423.03729057312, 2337.9969596862793, 2249.6519088745117, 2312.1891021728516, 2298.236131668091, 1826.8609046936035, 2280.802011489868, 2416.692018508911, 2250.9641647338867, 1016.2041187286377, 2282.027006149292, 1964.181900024414, 2265.109062194824, 1933.9048862457275, 2315.213918685913, 2299.4370460510254, 2297.4181175231934, 2302.5388717651367, 2336.7068767547607, 2291.0830974578857, 2378.80802154541, 2369.4679737091064, 2260.76602935791, 2273.728847503662, 2281.554937362671, 2345.7090854644775, 2376.2829303741455, 2374.5851516723633, 2283.2798957824707, 2378.4098625183105, 2289.0498638153076, 2433.9840412139893, 2350.419044494629, 2352.6370525360107, 2440.793037414551, 1904.547929763794, 2253.109931945801, 2307.4939250946045, 2227.9458045959473, 2392.4338817596436, 1945.6288814544678, 2369.166851043701, 2349.8480319976807, 2306.7452907562256, 1887.3801231384277, 2374.6910095214844, 2383.025884628296, 2382.0691108703613, 2264.0299797058105, 2410.658121109009, 2297.438859939575, 2250.3490447998047, 2230.414628982544, 2333.8570594787598, 1464.1242027282715, 2346.5559482574463, 1855.32808303833, 2383.418083190918, 2272.289037704468, 2346.5778827667236, 2293.466806411743, 2310.8410835266113, 2274.245023727417, 2297.698974609375, 2215.51513671875, 2183.9568614959717, 2266.9832706451416, 2473.918914794922, 1052.8709888458252, 1585.2999687194824], "min_latency": 914.3149852752686, "max_latency": 2473.918914794922, "mean_latency": 2199.9822854995728, "median_latency": 2286.164879798889, "pass_percentage": 99.0}, "pass_to_cloud": {"passed": 50, "total_evaluations": 100,