{"phi3:3.8b-mini-instruct-4k-q4_K_M": {"lock_doors": {"passed": 10, "total_evaluations": 10, "incorrect_but_valid": 0, "latencies": [1736.501932144165, 2162.642240524292, 2117.624044418335, 2040.9009456634521, 1710.6742858886719, 2254.5032501220703, 1839.020013809204, 742.790699005127, 1756.1006546020508, 2215.7251834869385], "min_latency": 742.790699005127, "max_latency": 2254.5032501220703, "mean_latency": 1857.6483249664307, "median_latency": 1939.9604797363281, "pass_percentage": 100.0}, "set_car_temperature_setpoint": {"passed": 10, "total_evaluations": 10, "incorrect_but_valid": 0, "latencies": [2367.3510551452637, 2400.682210922241, 2439.626932144165, 2412.4622344970703, 2631.9780349731445, 2495.378255844116, 2401.4830589294434, 2428.858995437622, 2824.568033218384, 2046.720027923584], "min_latency": 2046.720027923584, "max_latency": 2824.568033218384, "mean_latency": 2444.9108839035034, "median_latency": 2420.660614967346, "pass_percentage": 100.0}, "get_car_temperature_setpoint": {"passed": 10, "total_evaluations": 10, "incorrect_but_valid": 0, "latencies": [1815.891981124878, 1100.4259586334229, 1740.981101989746, 1633.7909698486328, 1187.6537799835205, 1818.4020519256592, 849.8680591583252, 1769.6309089660645, 1880.7449340820312, 2040.842056274414], "min_latency": 849.8680591583252, "max_latency": 2040.842056274414, "mean_latency": 1583.8231801986694, "median_latency": 1755.3060054779053, "pass_percentage": 100.0}, "tune_radio": {"passed": 10, "total_evaluations": 10, "incorrect_but_valid": 0, "latencies": [2284.073829650879, 2210.6850147247314, 2036.6504192352295, 2183.5639476776123, 2266.234874725342, 1919.5640087127686, 2251.697778701782, 2317.946195602417, 2316.6067600250244, 889.7569179534912], "min_latency": 889.7569179534912, "max_latency": 2317.946195602417, "mean_latency": 2067.6779747009277, "median_latency": 2231.191396713257, "pass_percentage": 100.0}, "pass_to_cloud": {"passed": 10, "total_evaluations": 10, "incorrect_but_valid": 0, "latencies": [1883.3158016204834, 1888.9789581298828, 1118.541955947876, 1787.7099514007568, 1961.5027904510498, 1794.7230339050293, 1621.86598777771, 1761.88325881958, 1617.4960136413574, 2095.939874649048], "min_latency": 1118.541955947876, "max_latency": 2095.939874649048, "mean_latency": 1753.1957626342773, "median_latency": 1791.216492652893, "pass_percentage": 100.0}}, "wizardlm2:7b-q4_0": {"lock_doors": {"passed": 10, "total_evaluations": 10, "incorrect_but_valid": 0, "latencies": [1584.6450328826904, 1657.5970649719238, 1560.1170063018799, 1677.6669025421143, 1927.1020889282227, 1592.97776222229, 1606.2660217285156, 1843.574047088623, 1658.2939624786377, 1795.9401607513428], "min_latency": 1560.1170063018799, "max_latency": 1927.1020889282227, "mean_latency": 1690.418004989624, "median_latency": 1657.9455137252808, "pass_percentage": 100.0}, "set_car_temperature_setpoint": {"passed": 10, "total_evaluations": 10, "incorrect_but_valid": 0, "latencies": [1924.4229793548584, 1907.5212478637695, 1938.6370182037354, 2019.489049911499, 2116.90092086792, 2439.366102218628, 2410.8588695526123, 1956.4731121063232, 2058.3510398864746, 2069.9331760406494], "min_latency": 1907.5212478637695, "max_latency": 2439.366102218628, "mean_latency": 2084.195351600647, "median_latency": 2038.9200448989868, "pass_percentage": 100.0}, "get_car_temperature_setpoint": {"passed": 10, "total_evaluations": 10, "incorrect_but_valid": 0, "latencies": [1498.4838962554932, 1501.9340515136719, 1552.5047779083252, 1649.2488384246826, 1266.15571975708, 1508.0418586730957, 1748.5101222991943, 1303.6410808563232, 2816.502809524536, 2639.545202255249], "min_latency": 1266.15571975708, "max_latency": 2816.502809524536, "mean_latency": 1748.4568357467651, "median_latency": 1530.2733182907104, "pass_percentage": 100.0}, "tune_radio": {"passed": 10, "total_evaluations": 10, "incorrect_but_valid": 0, "latencies": [1632.7130794525146, 1660.5539321899414, 1762.6368999481201, 1330.6732177734375, 1847.4090099334717, 1857.1410179138184, 1813.4799003601074, 1764.0080451965332, 1767.3590183258057, 1755.7179927825928], "min_latency": 1330.6732177734375, "max_latency": 1857.1410179138184, "mean_latency": 1719.1692113876343, "median_latency": 1763.3224725723267, "pass_percentage": 100.0}, "pass_to_cloud": {"passed": 7, "total_evaluations": 10, "incorrect_but_valid": 0, "latencies": [3445.1799392700195, 3897.094964981079, 5232.458829879761, 3748.195171356201, 2191.920757293701, 2398.491859436035, 4854.45499420166], "min_latency": 2191.920757293701, "max_latency": 5232.458829879761, "mean_latency": 3681.1137880597794, "median_latency": 3748.195171356201, "pass_percentage": 70.0}}, "llama3:8b-instruct-q4_0": {"lock_doors": {"passed": 10, "total_evaluations": 10, "incorrect_but_valid": 0, "latencies": [2796.467065811157, 2859.5941066741943, 2797.401189804077, 2825.1898288726807, 2732.2890758514404, 2663.3760929107666, 2619.9421882629395, 2752.3231506347656, 2760.957956314087, 2874.5508193969727], "min_latency": 2619.9421882629395, "max_latency": 2874.5508193969727, "mean_latency": 2768.209147453308, "median_latency": 2778.712511062622, "pass_percentage": 100.0}, "set_car_temperature_setpoint": {"passed": 10, "total_evaluations": 10, "incorrect_but_valid": 0, "latencies": [3442.8417682647705, 3131.4048767089844, 3504.41312789917, 3445.128917694092, 3460.9127044677734, 3153.351306915283, 3427.060842514038, 3348.306179046631, 3487.2992038726807, 3228.2540798187256], "min_latency": 3131.4048767089844, "max_latency": 3504.41312789917, "mean_latency": 3362.897300720215, "median_latency": 3434.9513053894043, "pass_percentage": 100.0}, "get_car_temperature_setpoint": {"passed": 10, "total_evaluations": 10, "incorrect_but_valid": 0, "latencies": [2254.686117172241, 2413.097858428955, 2405.4651260375977, 2640.794277191162, 2409.7092151641846, 2623.6209869384766, 2436.321020126343, 2340.0750160217285, 2342.094898223877, 2384.830951690674], "min_latency": 2254.686117172241, "max_latency": 2640.794277191162, "mean_latency": 2425.069546699524, "median_latency": 2407.587170600891, "pass_percentage": 100.0}, "tune_radio": {"passed": 10, "total_evaluations": 10, "incorrect_but_valid": 0, "latencies": [3143.228054046631, 3274.675130844116, 3068.7179565429688, 3383.862018585205, 2750.2713203430176, 3217.660903930664, 3231.7330837249756, 3293.201208114624, 3260.3919506073, 3286.821126937866], "min_latency": 2750.2713203430176, "max_latency": 3383.862018585205, "mean_latency": 3191.056275367737, "median_latency": 3246.0625171661377, "pass_percentage": 100.0}, "pass_to_cloud": {"passed": 10, "total_evaluations": 10, "incorrect_but_valid": 0, "latencies": [4301.52702331543, 2250.7331371307373, 7024.038076400757, 5848.719120025635, 2211.8048667907715, 4490.805864334106, 2147.4859714508057, 2234.071969985962, 2096.4901447296143, 2317.466974258423], "min_latency": 2096.4901447296143, "max_latency": 7024.038076400757, "mean_latency": 3492.314314842224, "median_latency": 2284.10005569458, "pass_percentage": 100.0}}}