{"phi3:3.8b-mini-instruct-4k-q4_K_M": {"call": {"passed": 0, "failed": 0, "non_function_response": 0, "total_evaluations": 2, "incorrect_but_valid": 0, "latencies": [476.67407989501953, 616.1599159240723], "min_latency": 476.67407989501953, "max_latency": 616.1599159240723, "mean_latency": 546.4169979095459, "median_latency": 546.4169979095459, "pass_percentage": 0.0}, "fan_control": {"passed": 2, "failed": 0, "non_function_response": 0, "total_evaluations": 2, "incorrect_but_valid": 0, "latencies": [331.62593841552734, 1242.013931274414], "min_latency": 331.62593841552734, "max_latency": 1242.013931274414, "mean_latency": 786.8199348449707, "median_latency": 786.8199348449707, "pass_percentage": 100.0}, "get_car_temperature_setpoint": {"passed": 0, "failed": 0, "non_function_response": 2, "total_evaluations": 2, "incorrect_but_valid": 0, "latencies": [], "min_latency": "-", "max_latency": "-", "mean_latency": "-", "median_latency": "-", "pass_percentage": "-"}, "lock_doors": {"passed": 2, "failed": 0, "non_function_response": 0, "total_evaluations": 2, "incorrect_but_valid": 0, "latencies": [311.1908435821533, 360.71181297302246], "min_latency": 311.1908435821533, "max_latency": 360.71181297302246, "mean_latency": 335.9513282775879, "median_latency": 335.9513282775879, "pass_percentage": 100.0}, "navigate": {"passed": 0, "failed": 0, "non_function_response": 0, "total_evaluations": 2, "incorrect_but_valid": 0, "latencies": [1049.1840839385986, 756.953239440918], "min_latency": 756.953239440918, "max_latency": 1049.1840839385986, "mean_latency": 903.0686616897583, "median_latency": 903.0686616897583, "pass_percentage": 0.0}, "set_car_temperature_setpoint": {"passed": 0, "failed": 0, "non_function_response": 0, "total_evaluations": 2, "incorrect_but_valid": 0, "latencies": [560.9660148620605, 1507.1868896484375], "min_latency": 560.9660148620605, "max_latency": 1507.1868896484375, "mean_latency": 1034.076452255249, "median_latency": 1034.076452255249, "pass_percentage": 0.0}, "text": {"passed": 2, "failed": 0, "non_function_response": 0, "total_evaluations": 2, "incorrect_but_valid": 0, "latencies": [518.6557769775391, 538.517951965332], "min_latency": 518.6557769775391, "max_latency": 538.517951965332, "mean_latency": 528.5868644714355, "median_latency": 528.5868644714355, "pass_percentage": 100.0}, "tune_radio": {"passed": 0, "failed": 0, "non_function_response": 0, "total_evaluations": 2, "incorrect_but_valid": 0, "latencies": [979.1390895843506, 1094.9921607971191], "min_latency": 979.1390895843506, "max_latency": 1094.9921607971191, "mean_latency": 1037.0656251907349, "median_latency": 1037.0656251907349, "pass_percentage": 0.0}, "volume_control": {"passed": 0, "failed": 0, "non_function_response": 0, "total_evaluations": 2, "incorrect_but_valid": 0, "latencies": [1427.1631240844727, 1446.5363025665283], "min_latency": 1427.1631240844727, "max_latency": 1446.5363025665283, "mean_latency": 1436.8497133255005, "median_latency": 1436.8497133255005, "pass_percentage": 0.0}, "pass_to_cloud": {"passed": 2, "failed": 0, "non_function_response": 0, "total_evaluations": 2, "incorrect_but_valid": 0, "latencies": [1325.4830837249756, 1058.1090450286865], "min_latency": 1058.1090450286865, "max_latency": 1325.4830837249756, "mean_latency": 1191.796064376831, "median_latency": 1191.796064376831, "pass_percentage": 100.0}}}